{"cameraMode":{"drawMode":0,"name":"Shaded","section":"Shading Mode"},"sceneLighting":true,"audioPlay":false,"sceneViewState":{"showFog":true,"showMaterialUpdate":false,"showSkybox":true,"showFlares":true,"showImageEffects":true,"showParticleSystems":true},"in2DMode":false,"pivot":{"x":1.9250564575195313,"y":-9.654873847961426,"z":14.430606842041016},"rotation":{"x":0.06168532371520996,"y":0.05236963927745819,"z":-0.0032411818392574789,"w":0.9967246651649475},"size":35.76446533203125,"orthographic":false}