{"cameraMode":{"drawMode":0,"name":"Shaded","section":"Shading Mode"},"sceneLighting":true,"audioPlay":false,"sceneViewState":{"showFog":true,"showMaterialUpdate":false,"showSkybox":true,"showFlares":true,"showImageEffects":true,"showParticleSystems":true},"in2DMode":false,"pivot":{"x":-2.014554977416992,"y":2.251460075378418,"z":-3.58954119682312},"rotation":{"x":0.09775128960609436,"y":-0.4444049000740051,"z":0.0488581657409668,"w":0.8891380429267883},"size":1.7530269622802735,"orthographic":false}