{"cameraMode":{"drawMode":0,"name":"Shaded","section":"Shading Mode"},"sceneLighting":true,"audioPlay":false,"sceneViewState":{"showFog":true,"showMaterialUpdate":false,"showSkybox":true,"showFlares":true,"showImageEffects":true,"showParticleSystems":true},"in2DMode":false,"pivot":{"x":4.077475547790527,"y":1.0018377304077149,"z":-18.585548400878908},"rotation":{"x":0.062372710555791858,"y":0.13580675423145295,"z":-0.008567062206566334,"w":0.9887340664863586},"size":19.165283203125,"orthographic":false}